City_ID,City,Country,Date,Lat,Lng,Max Temp,Humidity,Cloudiness,Wind Speed
0,Guerrero Negro,MX,2021-01-22 01:00:34,27.9769,-114.0611,63.41,59,0,7.81
1,Mount Gambier,AU,2021-01-22 01:00:39,-37.8333,140.7667,69.8,56,100,11.5
2,Vila Franca Do Campo,PT,2021-01-22 01:00:39,37.7167,-25.4333,55.99,82,20,3.44
3,Mamlyutka,KZ,2021-01-22 01:00:39,54.9375,68.5394,-15.07,89,75,8.81
4,Burla,IN,2021-01-22 01:00:39,21.5,83.8667,55.11,42,0,3.8
5,Upernavik,GL,2021-01-22 01:00:39,72.7868,-56.1549,26.08,98,100,11.03
6,Severo-Kurilsk,RU,2021-01-22 01:00:40,50.6789,156.125,21.13,91,63,3.36
7,Huilong,CN,2021-01-22 01:00:40,31.8111,121.655,53.01,94,94,1.99
8,Sao Filipe,CV,2021-01-22 01:00:40,14.8961,-24.4956,72.57,71,100,7.43
9,Tiksi,RU,2021-01-22 01:00:40,71.6872,128.8694,-32.3,83,100,18.79
10,Jamestown,US,2021-01-22 00:59:09,42.097,-79.2353,35.01,75,90,11.5
11,Patterson,US,2021-01-22 01:00:40,37.4716,-121.1297,64.4,24,1,5.75
12,Yellowknife,CA,2021-01-22 01:00:40,62.456,-114.3525,-14.8,76,75,4.61
13,Busselton,AU,2021-01-22 01:00:40,-33.65,115.3333,79.0,55,0,3.0
14,Coahuayana,MX,2021-01-22 01:00:41,18.7333,-103.6833,84.2,51,40,9.22
15,Bluff,NZ,2021-01-22 01:00:41,-46.6,168.3333,61.0,79,100,15.01
16,Wajid,SO,2021-01-22 01:00:41,3.8093,43.2471,75.36,73,14,22.86
17,Salalah,OM,2021-01-22 01:00:41,17.0151,54.0924,68.0,64,0,2.3
18,Williston,US,2021-01-22 00:56:10,48.147,-103.618,16.0,73,90,10.36
19,Roma,US,2021-01-22 01:00:42,43.2128,-75.4557,35.6,64,90,5.75
20,Karla,EE,2021-01-22 01:00:42,59.3723,24.9275,35.6,87,0,8.05
21,Berlevag,NO,2021-01-22 01:00:42,70.8578,29.0864,22.3,93,100,23.73
22,Atar,MR,2021-01-22 01:00:42,20.5169,-13.0499,63.1,24,62,10.83
23,Jackson,US,2021-01-22 01:00:42,42.4165,-122.8345,50.0,43,90,3.44
24,Ushuaia,AR,2021-01-22 00:55:46,-54.8,-68.3,53.6,54,40,4.61
25,East London,ZA,2021-01-22 01:00:43,-33.0153,27.9116,72.41,83,0,15.46
26,Nanortalik,GL,2021-01-22 01:00:43,60.1432,-45.2371,23.43,88,0,5.35
27,Acarau,BR,2021-01-22 01:00:43,-2.8856,-40.12,79.09,80,100,12.71
28,Punta Arenas,CL,2021-01-22 00:58:15,-53.15,-70.9167,51.8,58,0,23.02
29,Saint-Philippe,RE,2021-01-22 01:00:43,-21.3585,55.7679,80.6,74,20,3.44
30,Saint Anthony,US,2021-01-22 01:00:43,45.0205,-93.218,19.4,53,1,16.11
31,Faanui,PF,2021-01-22 01:00:19,-16.4833,-151.75,81.5,74,5,17.25
32,Coihaique,CL,2021-01-22 01:00:42,-45.5752,-72.0662,64.4,52,75,11.5
33,Oranjemund,NA,2021-01-22 01:00:44,-28.55,16.4333,67.01,76,30,6.06
34,Saint George,US,2021-01-22 01:00:44,37.1041,-113.5841,57.2,38,1,4.61
35,Chuy,UY,2021-01-22 01:00:44,-33.6971,-53.4616,68.14,82,0,9.15
36,Catalina,US,2021-01-22 01:00:44,32.5056,-110.9211,60.01,64,37,7.87
37,Wakkanai,JP,2021-01-22 01:00:45,45.4094,141.6739,26.6,50,40,17.27
38,Aklavik,CA,2021-01-22 01:00:45,68.2191,-135.0107,-11.2,84,90,2.3
39,Alofi,NU,2021-01-22 01:00:45,-19.0595,-169.9187,86.0,74,0,10.36
40,Thompson,CA,2021-01-22 01:00:45,55.7435,-97.8558,-9.4,77,90,3.44
41,Korla,CN,2021-01-22 01:00:45,41.7597,86.1469,20.34,85,100,2.01
42,San Cristobal,VE,2021-01-22 01:00:45,7.7669,-72.225,67.21,83,64,0.67
43,Iqaluit,CA,2021-01-22 01:00:46,63.7506,-68.5145,32.0,69,75,25.32
44,Avera,US,2021-01-22 01:00:46,33.194,-82.5271,57.2,96,90,6.91
45,Kodiak,US,2021-01-22 01:00:46,57.79,-152.4072,42.8,81,90,14.97
46,Rawson,AR,2021-01-22 01:00:46,-43.3002,-65.1023,75.96,46,0,12.37
47,Bengkulu,ID,2021-01-22 01:00:46,-3.8004,102.2655,77.4,80,96,4.41
48,Sistranda,NO,2021-01-22 01:00:47,63.7256,8.834,39.2,65,40,25.32
49,Rikitea,PF,2021-01-22 01:00:47,-23.1203,-134.9692,79.03,73,3,14.36
50,At-Bashi,KG,2021-01-22 01:00:47,41.1702,75.8106,16.03,74,89,6.76
51,Eureka,US,2021-01-22 01:00:47,40.8021,-124.1637,53.01,79,0,7.94
52,Shenkursk,RU,2021-01-22 01:00:47,62.1091,42.896,-20.74,87,55,2.55
53,Klyuchi,RU,2021-01-22 01:00:47,52.2667,79.1667,6.28,95,100,8.08
54,Port Alfred,ZA,2021-01-22 01:00:48,-33.5906,26.891,64.99,95,0,1.01
55,Namatanai,PG,2021-01-22 01:00:48,-3.6667,152.4333,84.07,60,99,8.14
56,Hilo,US,2021-01-22 01:00:48,19.7297,-155.09,73.4,78,90,9.22
57,Hermanus,ZA,2021-01-22 01:00:15,-34.4187,19.2345,69.01,74,0,9.8
58,Samarai,PG,2021-01-22 01:00:48,-10.6167,150.6667,85.17,70,99,7.74
59,Mingshui,CN,2021-01-22 01:00:48,36.7167,117.5,36.0,83,100,1.01
60,Torbay,CA,2021-01-22 01:00:15,47.6666,-52.7314,30.99,100,90,26.46
61,Atuona,PF,2021-01-22 01:00:49,-9.8,-139.0333,78.62,76,80,14.16
62,Togul,RU,2021-01-22 01:00:49,53.465,85.9128,24.19,98,100,3.18
63,Mataura,NZ,2021-01-22 01:00:49,-46.1927,168.8643,61.0,79,94,15.01
64,Huarmey,PE,2021-01-22 01:00:49,-10.0681,-78.1522,70.54,82,100,8.88
65,Albany,US,2021-01-22 00:58:26,42.6001,-73.9662,33.01,56,26,5.95
66,Eau Claire,US,2021-01-22 01:00:50,44.8114,-91.4985,19.4,49,1,14.97
67,Hualmay,PE,2021-01-22 01:00:50,-11.0964,-77.6139,70.86,80,68,9.91
68,Palora,EC,2021-01-22 01:00:50,-1.7,-77.9333,67.95,94,100,0.09
69,Nurota,UZ,2021-01-22 01:00:50,40.5614,65.6886,21.2,93,90,13.8
70,Esperance,AU,2021-01-22 01:00:50,-33.8667,121.9,69.8,68,0,11.5
71,Lumut,MY,2021-01-22 01:00:51,4.2323,100.6298,75.2,100,20,3.42
72,Mar Del Plata,AR,2021-01-22 00:59:11,-38.0023,-57.5575,72.0,88,0,5.75
73,Quatre Cocos,MU,2021-01-22 01:00:51,-20.2078,57.7625,77.0,88,40,2.3
74,Yelizovo,RU,2021-01-22 01:00:51,53.1873,158.3805,8.6,66,11,4.47
75,Vaitape,PF,2021-01-22 01:00:51,-16.5167,-151.75,81.5,74,0,17.22
76,San Quintin,MX,2021-01-22 01:00:51,30.4833,-115.95,60.42,76,16,3.67
77,Klaksvik,FO,2021-01-22 01:00:52,62.2266,-6.589,35.6,75,75,25.32
78,Raudeberg,NO,2021-01-22 01:00:52,61.9875,5.1352,39.99,83,100,8.75
79,Ankazoabo,MG,2021-01-22 01:00:52,-22.2833,44.5167,74.21,84,100,1.59
80,Nikolskoye,RU,2021-01-22 01:00:52,59.7035,30.7861,16.0,86,90,11.18
81,Dikson,RU,2021-01-22 01:00:52,73.5069,80.5464,-26.36,82,3,4.63
82,Rio Gallegos,AR,2021-01-22 01:00:52,-51.6226,-69.2181,64.4,27,0,12.66
83,Wanning,CN,2021-01-22 01:00:52,18.8003,110.3967,70.57,91,64,7.11
84,Acari,PE,2021-01-22 01:00:53,-15.4311,-74.6158,73.33,68,30,4.21
85,San-Pedro,CI,2021-01-22 01:00:53,4.7485,-6.6363,78.08,87,71,6.69
86,Jalu,LY,2021-01-22 01:00:53,29.0331,21.5482,44.73,60,0,7.63
87,Nome,US,2021-01-22 01:00:53,64.5011,-165.4064,30.2,80,40,12.66
88,Asau,RO,2021-01-22 01:00:54,46.4333,26.4,34.0,67,100,5.19
89,Marataizes,BR,2021-01-22 01:00:54,-21.0433,-40.8244,75.0,85,48,7.58
90,Strezhevoy,RU,2021-01-22 00:57:41,60.7333,77.5889,-20.2,76,20,11.18
91,Upington,ZA,2021-01-22 01:00:54,-28.4478,21.2561,86.0,45,97,18.41
92,Jacqueville,CI,2021-01-22 01:00:54,5.2052,-4.4146,78.8,100,20,2.3
93,Bombay,IN,2021-01-22 00:58:24,19.0144,72.8479,71.6,68,0,7.14
94,Butaritari,KI,2021-01-22 01:00:54,3.0707,172.7902,79.97,80,39,13.2
95,Gat,IL,2021-01-22 01:00:55,31.61,34.7642,46.99,73,0,4.54
96,Vaini,TO,2021-01-22 01:00:28,-21.2,-175.2,82.4,89,75,13.8
97,Launceston,AU,2021-01-22 01:00:55,-41.45,147.1667,69.8,43,75,17.27
98,Miracema Do Tocantins,BR,2021-01-22 01:00:55,-9.5618,-48.3967,74.25,84,94,0.36
99,Methoni,GR,2021-01-22 01:00:55,36.8197,21.7049,53.01,68,100,3.44
100,Kruisfontein,ZA,2021-01-22 01:00:55,-34.0033,24.7314,68.0,93,100,3.13
101,Norman Wells,CA,2021-01-22 01:00:55,65.282,-126.8329,5.0,85,90,3.44
102,Cockburn Town,TC,2021-01-22 00:56:59,21.4612,-71.1419,75.2,78,40,9.22
103,Tezu,IN,2021-01-22 01:00:56,27.9167,96.1667,54.3,58,0,2.95
104,Goure,NE,2021-01-22 01:00:56,13.9835,10.2704,64.99,22,1,11.99
105,Cherskiy,RU,2021-01-22 01:00:56,68.75,161.3,-40.25,81,5,1.7
106,Kanashevo,RU,2021-01-22 01:00:57,55.2169,62.0634,-2.2,84,75,8.95
107,Turukhansk,RU,2021-01-22 01:00:57,65.8167,87.9833,-42.57,74,0,8.34
108,Yelkhovka,RU,2021-01-22 01:00:57,53.8667,50.2832,12.2,85,40,8.95
109,Kilis,TR,2021-01-22 01:00:57,36.7161,37.115,26.6,86,0,3.76
110,New Norfolk,AU,2021-01-22 01:00:57,-42.7826,147.0587,73.0,46,95,7.0
111,Kaitangata,NZ,2021-01-22 01:00:58,-46.2817,169.8464,64.99,55,32,15.01
112,Bambous Virieux,MU,2021-01-22 01:00:58,-20.3428,57.7575,77.0,88,40,2.3
113,Port Hardy,CA,2021-01-22 01:00:58,50.6996,-127.4199,41.0,81,40,3.44
114,San Policarpo,PH,2021-01-22 01:00:58,12.1791,125.5072,82.45,83,76,8.5
115,Mahebourg,MU,2021-01-22 01:00:58,-20.4081,57.7,77.0,88,40,2.3
116,Gandajika,CD,2021-01-22 01:00:58,-6.75,23.95,66.76,97,100,2.1
117,Belmonte,BR,2021-01-22 01:00:59,-15.8631,-38.8828,78.8,69,20,6.91
118,Khatanga,RU,2021-01-22 01:00:59,71.9667,102.5,-35.79,83,60,3.31
119,Rjukan,NO,2021-01-22 01:00:59,59.8789,8.5941,39.0,1,100,23.0
120,Kijang,KR,2021-01-22 01:00:59,35.2442,129.2139,46.4,93,90,3.44
121,Deputatskiy,RU,2021-01-22 01:00:59,69.3,139.9,-31.07,85,100,3.6
122,Yashan,CN,2021-01-22 01:00:59,22.1975,109.9419,68.07,80,4,1.57
123,Chapais,CA,2021-01-22 01:00:59,49.7834,-74.8492,5.0,78,90,11.5
124,Kharp,RU,2021-01-22 01:01:00,66.8014,65.8081,-36.74,78,16,0.27
125,Adrar,MR,2021-01-22 01:01:00,20.5022,-10.0711,61.54,25,74,11.16
126,Hecun,CN,2021-01-22 01:01:00,36.5333,114.1111,35.49,72,100,4.25
127,Clyde River,CA,2021-01-22 01:01:00,70.4692,-68.5914,-2.2,92,1,2.3
128,Bireun,ID,2021-01-22 01:01:00,5.203,96.7009,76.78,79,76,2.95
129,Souillac,MU,2021-01-22 01:01:00,-20.5167,57.5167,77.0,88,40,2.3
130,Lagoa,PT,2021-01-22 01:01:00,39.05,-27.9833,58.48,70,100,9.44
131,Suntar,RU,2021-01-22 01:01:01,62.1444,117.6319,-44.43,78,97,2.06
132,Filadelfia,US,2021-01-22 01:00:48,39.9523,-75.1638,41.0,56,40,6.91
133,Nueva Loja,EC,2021-01-22 01:01:01,0.0847,-76.8828,72.68,96,100,3.02
134,Qaanaaq,GL,2021-01-22 01:01:01,77.484,-69.3632,10.96,92,91,2.77
135,Avarua,CK,2021-01-22 01:01:01,-21.2078,-159.775,86.0,70,33,8.05
136,Puerto Ayora,EC,2021-01-22 01:01:02,-0.7393,-90.3518,77.0,90,99,3.0
137,Mahajanga,MG,2021-01-22 01:00:26,-15.7167,46.3167,77.0,100,40,1.14
138,Padang,ID,2021-01-22 01:00:08,-0.9492,100.3543,79.7,67,99,3.09
139,Asfi,MA,2021-01-22 01:01:02,32.2994,-9.2372,60.42,93,34,8.61
140,Arraial Do Cabo,BR,2021-01-22 01:01:02,-22.9661,-42.0278,77.0,88,0,11.5
141,Magadan,RU,2021-01-22 01:01:03,59.5667,150.8,-5.28,74,70,5.01
142,Kahului,US,2021-01-22 01:01:03,20.8947,-156.47,80.6,54,40,24.16
143,Rocha,UY,2021-01-22 01:01:03,-34.4833,-54.3333,65.12,91,0,7.07
144,Zalantun,CN,2021-01-22 01:01:04,48.0,122.7167,4.28,84,0,5.01
145,Lasa,IT,2021-01-22 01:01:04,46.6166,10.7002,34.0,100,90,6.91
146,Cidreira,BR,2021-01-22 01:00:49,-30.1811,-50.2056,73.98,86,100,17.25
147,Kapaa,US,2021-01-22 01:01:04,22.0752,-159.319,78.8,73,20,16.11
148,Motygino,RU,2021-01-22 01:01:04,58.1831,94.7592,-15.74,87,100,7.52
149,Kadhan,PK,2021-01-22 01:01:04,24.481,68.9859,62.26,93,0,9.66
150,Ludvika,SE,2021-01-22 01:01:04,60.1496,15.1878,35.6,87,90,10.36
151,Mareeba,AU,2021-01-22 01:01:05,-17.0,145.4333,87.01,74,90,13.8
152,Zeya,RU,2021-01-22 01:01:05,53.75,127.2667,-19.01,80,0,1.16
153,Segezha,RU,2021-01-22 01:01:05,63.7415,34.3222,9.68,94,100,15.41
154,Pringsewu,ID,2021-01-22 01:01:05,-5.3582,104.9744,76.37,89,100,1.63
155,Hithadhoo,MV,2021-01-22 01:00:21,-0.6,73.0833,81.91,73,75,8.84
156,Basco,PH,2021-01-22 01:01:05,20.4487,121.9702,75.87,94,100,13.89
157,Tuatapere,NZ,2021-01-22 01:01:06,-46.1333,167.6833,61.0,79,41,15.01
158,Castro,BR,2021-01-22 01:01:06,-24.7911,-50.0119,64.27,98,100,5.91
159,Kawalu,ID,2021-01-22 01:01:06,-7.3817,108.2082,77.16,80,98,1.9
160,Poya,NC,2021-01-22 01:01:06,-21.35,165.15,81.23,70,100,10.27
161,Fortuna,US,2021-01-22 01:01:06,40.5982,-124.1573,55.0,87,40,6.91
162,Nusaybin,TR,2021-01-22 01:01:07,37.0778,41.2178,33.8,75,0,13.8
163,Stabat,ID,2021-01-22 01:01:07,3.761,98.4513,74.53,85,93,1.5
164,Abu Samrah,SY,2021-01-22 01:01:07,35.3029,37.1841,39.51,67,0,6.96
165,Sibolga,ID,2021-01-22 01:01:07,1.7427,98.7792,78.6,74,100,2.44
166,Lebu,CL,2021-01-22 01:01:07,-37.6167,-73.65,61.72,79,0,19.01
167,Barrow,US,2021-01-22 01:01:07,71.2906,-156.7887,-0.4,78,90,29.93
168,Pacific Grove,US,2021-01-22 01:01:07,36.6177,-121.9166,54.0,85,100,4.0
169,Cape Town,ZA,2021-01-22 00:58:41,-33.9258,18.4232,66.2,77,0,2.3
170,Longyearbyen,SJ,2021-01-22 01:00:11,78.2186,15.6401,12.2,62,0,12.66
171,Sinnamary,GF,2021-01-22 01:01:08,5.3833,-52.95,76.05,90,85,13.67
172,Airai,TL,2021-01-22 01:01:08,-8.9266,125.4092,71.62,82,43,3.02
173,Kibakwe,TZ,2021-01-22 01:01:08,-6.7167,36.3667,63.81,91,100,1.01
174,Bondo,CD,2021-01-22 01:01:08,3.8146,23.6866,67.46,40,66,2.57
175,Sabang,ID,2021-01-22 01:00:36,5.8933,95.3214,79.52,64,42,6.4
176,Port-Cartier,CA,2021-01-22 01:01:09,50.0334,-66.8654,10.4,61,100,8.05
177,Haukipudas,FI,2021-01-22 01:01:09,65.1765,25.3523,12.99,85,90,27.63
178,Arlit,NE,2021-01-22 01:01:09,18.7369,7.3853,59.5,31,0,6.04
179,Margate,GB,2021-01-22 01:00:37,51.3813,1.3862,37.99,84,80,1.01
180,Ribeira Grande,PT,2021-01-22 01:01:09,38.5167,-28.7,59.54,69,100,8.05
181,Bowen,AU,2021-01-22 01:01:09,-20.0167,148.2333,82.4,57,40,18.41
182,Hobart,AU,2021-01-22 00:59:07,-42.8794,147.3294,73.0,35,75,21.85
183,Roald,NO,2021-01-22 01:01:09,62.5833,6.1333,41.0,87,20,14.97
184,Hamilton,US,2021-01-22 00:57:00,39.1834,-84.5333,44.6,36,20,6.91
185,Port Elizabeth,ZA,2021-01-22 00:56:40,-33.918,25.5701,68.0,94,90,9.22
186,Freeport,US,2021-01-22 01:00:16,40.6576,-73.5832,36.0,60,1,3.44
187,Roseburg,US,2021-01-22 01:01:10,43.2165,-123.3417,51.8,58,75,4.61
188,Ponta Do Sol,PT,2021-01-22 01:00:32,32.6667,-17.1,61.0,85,87,3.0
189,Yairipok,IN,2021-01-22 01:01:10,24.6667,94.0667,48.2,100,20,1.14
190,Santa Rosa,PH,2021-01-22 01:01:10,14.3122,121.1114,80.6,89,75,3.44
191,Luwuk,ID,2021-01-22 01:01:10,-0.9516,122.7875,85.44,62,0,1.19
192,Skjervoy,NO,2021-01-22 01:01:10,70.0311,20.9714,18.9,89,100,31.45
193,Pisco,PE,2021-01-22 01:01:10,-13.7,-76.2167,71.6,78,0,19.57
194,Sola,VU,2021-01-22 01:01:11,-13.8833,167.55,82.4,83,75,14.72
195,Banff,CA,2021-01-22 01:01:11,51.1762,-115.5698,19.4,62,0,3.44
196,Port Macquarie,AU,2021-01-22 01:01:11,-31.4333,152.9167,86.0,48,1,1.99
197,Jiuquan,CN,2021-01-22 01:01:11,39.7432,98.5174,25.63,65,0,3.47
198,Tongren,CN,2021-01-22 01:01:12,27.7172,109.1853,47.66,89,100,1.43
199,Maracas,BR,2021-01-22 01:01:12,-13.4411,-40.4308,62.64,87,97,9.73
200,Dothan,US,2021-01-22 01:00:36,31.2232,-85.3905,64.99,77,90,8.05
201,Cayenne,GF,2021-01-22 01:01:12,4.9333,-52.3333,73.4,100,75,5.75
202,Shitanjing,CN,2021-01-22 01:01:12,39.2342,106.3439,24.67,67,81,5.66
203,Meadow Lake,US,2021-01-22 01:00:06,34.8014,-106.5436,50.0,46,75,8.05
204,Hamina,FI,2021-01-22 01:01:12,60.5697,27.1979,17.6,86,90,13.8
205,Havoysund,NO,2021-01-22 01:01:12,70.9963,24.6622,14.0,67,0,17.27
206,Ballina,AU,2021-01-22 01:01:13,-28.8667,153.5667,78.8,53,75,9.22
207,Constitucion,CL,2021-01-22 01:01:04,-35.3333,-72.4167,58.01,90,9,2.59
208,Bodden Town,KY,2021-01-22 01:01:13,19.2833,-81.25,77.0,83,20,17.27
209,Eston,CA,2021-01-22 01:01:13,51.1501,-108.7514,17.6,93,90,11.5
210,Zhezkazgan,KZ,2021-01-22 01:01:13,47.8043,67.7144,-2.31,89,100,9.62
211,Georgetown,MY,2021-01-22 01:00:49,5.4112,100.3354,79.0,83,20,5.91
212,Rio Grande,BR,2021-01-22 00:58:01,-32.035,-52.0986,73.0,78,90,4.0
213,Murakami,JP,2021-01-22 01:01:13,38.2333,139.4833,39.2,100,75,6.91
214,Mount Isa,AU,2021-01-22 01:00:31,-20.7333,139.5,89.6,51,75,8.05
215,Hasaki,JP,2021-01-22 01:01:14,35.7333,140.8333,46.0,60,20,5.75
216,Grand Gaube,MU,2021-01-22 01:01:14,-20.0064,57.6608,77.0,82,32,3.0
217,Jerantut,MY,2021-01-22 01:01:14,3.936,102.3626,74.08,88,36,1.01
218,Vondrozo,MG,2021-01-22 01:01:14,-22.8167,47.2833,72.37,100,100,1.03
219,Hay River,CA,2021-01-22 01:01:14,60.8156,-115.7999,-2.2,78,100,1.14
220,Udachnyy,RU,2021-01-22 01:01:15,66.4167,112.4,-56.94,53,66,3.0
221,Tanete,ID,2021-01-22 01:01:15,-3.9443,119.7848,86.65,59,0,4.38
222,Carnarvon,AU,2021-01-22 01:01:15,-24.8667,113.6333,80.6,83,75,13.8
223,Puerto Quijarro,BO,2021-01-22 01:01:15,-17.7833,-57.7667,76.17,83,100,2.17
224,Havelock,US,2021-01-22 01:01:15,34.8791,-76.9013,51.01,76,1,9.22
225,Dobra,RO,2021-01-22 01:01:15,44.7833,25.7167,37.0,100,58,5.75
226,Alyangula,AU,2021-01-22 01:01:16,-13.8483,136.4192,86.0,79,100,4.61
227,Yulara,AU,2021-01-22 01:01:16,-25.2406,130.9889,96.8,7,1,17.27
228,Kavieng,PG,2021-01-22 01:00:54,-2.5744,150.7967,83.86,63,94,7.2
229,Itarema,BR,2021-01-22 01:01:16,-2.9248,-39.9167,78.75,81,100,11.01
230,Moussoro,TD,2021-01-22 01:01:16,13.6408,16.4901,60.21,31,0,13.65
231,Colares,PT,2021-01-22 01:01:16,38.7992,-9.4469,60.01,100,92,24.0
232,Mayo,US,2021-01-22 01:01:16,38.8876,-76.5119,42.8,81,1,4.61
233,Ketchikan,US,2021-01-22 01:01:16,55.3422,-131.6461,35.6,80,40,9.22
234,San Patricio,US,2021-01-22 01:00:53,28.017,-97.5169,64.4,100,90,2.86
235,Kachug,RU,2021-01-22 01:01:17,53.9606,105.8817,-12.75,84,29,1.61
236,Kang,BW,2021-01-22 01:01:17,-23.6752,22.7876,72.9,64,100,7.11
237,Westport,US,2021-01-22 00:59:54,41.1415,-73.3579,35.6,51,1,6.4
238,Shelburne,CA,2021-01-22 01:01:17,44.0787,-80.2041,33.01,96,64,16.91
239,College,US,2021-01-22 01:01:17,64.8569,-147.8028,8.6,78,20,4.61
240,Yerbogachen,RU,2021-01-22 01:01:18,61.2767,108.0108,-45.89,77,61,3.87
241,Tamiahua,MX,2021-01-22 01:01:18,21.2667,-97.45,70.97,93,11,5.55
242,Narsaq,GL,2021-01-22 01:01:17,60.9167,-46.05,24.8,50,0,3.89
243,Chokurdakh,RU,2021-01-22 01:01:18,70.6333,147.9167,-41.19,81,52,6.29
244,Ilulissat,GL,2021-01-22 01:01:18,69.2167,-51.1,19.4,49,20,3.44
245,Kautokeino,NO,2021-01-22 01:01:18,69.0125,23.0412,4.08,91,100,19.1
246,Calama,CL,2021-01-22 01:01:18,-22.4667,-68.9333,64.4,29,0,21.85
247,Portland,US,2021-01-22 00:58:49,45.5234,-122.6762,46.4,71,75,8.05
248,Bethel,US,2021-01-22 00:59:00,41.3712,-73.414,32.0,80,1,3.13
249,Kieta,PG,2021-01-22 01:01:16,-6.2167,155.6333,85.64,56,87,9.06
250,Sobolevo,RU,2021-01-22 01:01:19,54.4299,31.8996,27.84,98,91,11.12
251,Kushima,JP,2021-01-22 01:01:19,31.4583,131.2333,59.0,94,40,5.75
252,Malanville,BJ,2021-01-22 01:01:19,11.8685,3.3899,68.58,22,89,9.6
253,Makakilo City,US,2021-01-22 01:01:19,21.3469,-158.0858,82.4,51,40,10.36
254,Hobyo,SO,2021-01-22 01:01:19,5.3505,48.5268,78.4,82,81,19.82
255,Creel,MX,2021-01-22 01:01:19,27.75,-107.6333,44.58,94,79,18.7
256,Bredasdorp,ZA,2021-01-22 01:01:20,-34.5322,20.0403,69.8,88,41,6.91
257,Pilar Do Sul,BR,2021-01-22 01:01:20,-23.8131,-47.7164,67.86,94,100,7.47
258,Kununurra,AU,2021-01-22 01:01:11,-15.7667,128.7333,75.2,100,90,13.8
259,Vardo,NO,2021-01-22 01:01:20,70.3705,31.1107,22.8,94,100,23.09
260,Tuktoyaktuk,CA,2021-01-22 01:01:20,69.4541,-133.0374,-7.6,84,75,11.5
261,Evensk,RU,2021-01-22 01:01:20,61.95,159.2333,-3.32,82,96,1.01
262,Yaan,NG,2021-01-22 01:01:21,7.3833,8.5667,73.33,21,93,2.93
263,Te Anau,NZ,2021-01-22 01:01:21,-45.4167,167.7167,63.91,53,4,6.93
264,Nouadhibou,MR,2021-01-22 01:01:21,20.931,-17.0347,64.4,59,100,14.97
265,La Ronge,CA,2021-01-22 01:01:21,55.1001,-105.2842,12.2,79,99,9.22
266,Pitimbu,BR,2021-01-22 01:01:21,-7.4706,-34.8086,77.0,88,20,6.91
267,Harper,LR,2021-01-22 01:00:24,4.375,-7.7169,78.17,86,32,8.32
268,Victoria,HK,2021-01-22 00:57:22,22.2855,114.1577,68.0,84,97,1.81
269,Mnogovershinnyy,RU,2021-01-22 01:01:21,53.9353,139.9242,-11.6,89,100,6.13
270,Vestmannaeyjar,IS,2021-01-22 01:01:22,63.4427,-20.2734,29.71,89,65,24.05
271,Bubaque,GW,2021-01-22 01:01:22,11.2833,-15.8333,77.77,71,100,10.94
272,Svetlogorsk,BY,2021-01-22 01:01:22,52.6333,29.7333,34.18,91,100,10.98
273,Luderitz,NA,2021-01-22 01:00:48,-26.6481,15.1594,69.89,64,9,15.52
274,Hami,CN,2021-01-22 01:01:22,42.8,93.45,19.4,80,0,3.69
275,Abha,SA,2021-01-22 01:01:22,18.2164,42.5053,51.8,37,0,4.61
276,Laguna,US,2021-01-22 01:01:22,38.421,-121.4238,60.01,33,1,4.61
277,Cajnice,BA,2021-01-22 01:01:22,43.5575,19.0711,42.8,65,0,3.44
278,Mankera,PK,2021-01-22 01:01:23,31.3866,71.4407,54.77,37,16,7.54
279,Sao Joao Da Barra,BR,2021-01-22 01:01:23,-21.6403,-41.0511,75.76,86,2,7.81
280,Artvin,TR,2021-01-22 01:01:23,41.1667,41.8333,35.6,69,0,23.02
281,Fukue,JP,2021-01-22 01:01:23,32.6881,128.8419,60.8,94,75,3.44
282,Comodoro Rivadavia,AR,2021-01-22 01:00:01,-45.8667,-67.5,84.2,28,0,16.11
283,Zyryanka,RU,2021-01-22 01:01:24,65.75,150.85,-41.76,80,34,2.68
284,Labuhan,ID,2021-01-22 01:01:24,-6.8844,112.2051,80.02,84,100,8.25
285,Mackenzie,CA,2021-01-22 01:01:24,55.2999,-123.1698,15.8,92,90,2.3
286,Birao,CF,2021-01-22 01:01:24,10.2849,22.7882,64.65,26,70,8.55
287,Eenhana,NA,2021-01-22 01:01:24,-17.4667,16.3333,73.4,88,100,4.61
288,Bow Island,CA,2021-01-22 01:01:24,49.8668,-111.3684,28.4,59,0,1.14
289,Vila Velha,BR,2021-01-22 01:01:24,-20.3297,-40.2925,77.0,83,40,2.3
290,Uyuni,BO,2021-01-22 01:01:24,-20.4597,-66.825,48.58,68,85,21.39
291,Saldanha,ZA,2021-01-22 01:01:25,-33.0117,17.9442,71.6,64,0,2.3
292,Hambantota,LK,2021-01-22 01:01:25,6.1241,81.1185,75.81,88,15,10.8
293,Bima,ID,2021-01-22 01:01:25,-8.4667,118.7167,84.56,69,100,1.14
294,Tasiilaq,GL,2021-01-22 01:01:25,65.6145,-37.6368,12.2,73,20,2.3
295,Linjiang,CN,2021-01-22 00:59:29,41.8069,126.9078,27.0,93,79,1.61
296,Birjand,IR,2021-01-22 01:00:45,32.8663,59.2211,23.0,54,0,8.77
297,Chachapoyas,PE,2021-01-22 01:01:25,-6.2317,-77.869,54.34,89,55,1.54
298,Dahanu,IN,2021-01-22 01:00:24,19.9667,72.7333,67.19,58,0,4.61
299,Sitka,US,2021-01-22 01:01:25,57.0531,-135.33,39.2,87,90,10.36
300,Inta,RU,2021-01-22 01:01:26,66.0317,60.1659,-16.85,83,81,7.11
301,Oriximina,BR,2021-01-22 01:01:26,-1.7656,-55.8661,74.82,88,68,1.81
302,Phalaborwa,ZA,2021-01-22 01:01:26,-23.943,31.1411,71.6,94,45,6.91
303,Muroto,JP,2021-01-22 00:58:16,33.2833,134.15,51.8,100,75,5.75
304,Haines Junction,CA,2021-01-22 01:01:26,60.7522,-137.5108,-4.0,84,0,0.51
305,Tulsipur,NP,2021-01-22 01:01:26,28.131,82.2973,49.62,72,0,3.69
306,Qasigiannguit,GL,2021-01-22 01:01:27,68.8193,-51.1922,19.4,49,20,3.44
307,Jumla,NP,2021-01-22 01:01:12,29.2747,82.1838,40.98,38,0,4.63
308,Salinopolis,BR,2021-01-22 01:01:27,-0.6136,-47.3561,79.16,86,100,12.93
309,Kalanguy,RU,2021-01-22 01:01:27,51.0167,116.5167,-5.94,86,21,2.8
310,Murgab,TM,2021-01-22 01:01:27,37.4966,61.9714,26.6,86,90,13.8
311,Artesia,US,2021-01-22 01:01:27,33.8658,-118.0831,66.2,55,1,4.61
312,Mattru,SL,2021-01-22 01:01:28,7.6244,-11.8332,74.14,91,1,1.12
313,Kotlas,RU,2021-01-22 01:01:02,61.2611,46.6556,-20.16,87,64,3.76
314,Ahipara,NZ,2021-01-22 01:01:28,-35.1667,173.1667,67.1,57,24,10.56
315,Axim,GH,2021-01-22 01:01:28,4.8699,-2.2405,78.22,87,100,5.86
316,Lata,PT,2021-01-22 01:01:28,40.1629,-8.3327,59.0,88,100,5.99
317,Vanimo,PG,2021-01-22 01:01:28,-2.6741,141.3028,85.87,65,100,0.69
318,Barra Patuca,HN,2021-01-22 01:01:28,15.8,-84.2833,76.82,87,1,7.67
319,Tautira,PF,2021-01-22 01:01:28,-17.7333,-149.15,86.0,58,75,5.75
320,Opuwo,NA,2021-01-22 01:01:18,-18.0607,13.84,64.2,81,100,6.67
321,Leningradskiy,RU,2021-01-22 01:01:29,69.3833,178.4167,-13.16,87,100,9.82
322,Saskylakh,RU,2021-01-22 01:00:37,71.9167,114.0833,-19.01,86,100,10.67
323,Dossor,KZ,2021-01-22 01:01:29,47.5272,52.9811,13.35,91,100,10.02
324,Fallon,US,2021-01-22 01:01:29,39.4735,-118.7774,50.0,29,75,6.91
325,Luanda,AO,2021-01-22 01:01:29,-8.8368,13.2343,77.0,83,20,5.75
326,Sovetskiy,RU,2021-01-22 01:01:26,61.3614,63.5842,-15.68,87,100,9.6
327,Tiznit,MA,2021-01-22 01:01:30,29.5833,-9.5,53.73,74,0,1.7
328,Sabha,LY,2021-01-22 01:01:30,27.0377,14.4283,46.35,51,0,9.82
329,Sinazongwe,ZM,2021-01-22 01:01:30,-17.2614,27.4618,74.32,86,100,7.96
330,Sao Miguel Do Araguaia,BR,2021-01-22 01:01:30,-13.275,-50.1628,75.11,76,96,0.89
331,Karratha,AU,2021-01-22 01:01:30,-20.7377,116.8463,88.75,50,100,6.87
332,Ostersund,SE,2021-01-22 00:58:07,63.1792,14.6357,28.4,93,90,12.66
333,Alihe,CN,2021-01-22 01:01:31,50.5667,123.7167,-7.11,85,0,2.73
334,Saint-Hyacinthe,CA,2021-01-22 01:00:49,45.6168,-72.9491,25.0,93,100,4.61
335,Owando,CG,2021-01-22 01:01:31,-0.4819,15.8999,73.89,82,17,2.75
336,Morant Bay,JM,2021-01-22 01:01:31,17.8815,-76.4093,82.4,57,20,8.05
337,Pevek,RU,2021-01-22 01:01:31,69.7008,170.3133,-18.9,86,100,2.26
338,Zitacuaro,MX,2021-01-22 01:01:31,19.4372,-100.358,59.92,52,0,0.22
339,Inhambane,MZ,2021-01-22 01:01:31,-23.865,35.3833,74.44,81,57,10.11
340,Markova,UA,2021-01-22 01:01:31,48.6758,24.4138,37.72,79,100,5.73
341,Provideniya,RU,2021-01-22 01:01:32,64.3833,-173.3,26.6,93,90,22.37
342,Buala,SB,2021-01-22 01:01:32,-8.145,159.5921,85.59,56,100,8.52
343,Gediz,TR,2021-01-22 01:01:32,39.0417,29.41,29.82,87,26,3.42
344,Finnsnes,NO,2021-01-22 01:01:32,69.2296,17.9811,14.0,62,90,28.77
345,Garowe,SO,2021-01-22 01:01:32,8.4054,48.4845,67.48,82,3,7.92
346,Gornopravdinsk,RU,2021-01-22 01:01:32,60.05,69.9,-15.23,89,93,4.65
347,Kaele,CM,2021-01-22 01:01:33,10.1092,14.4508,66.51,26,99,12.97
348,Mildura,AU,2021-01-22 01:00:42,-34.2,142.15,88.0,15,55,4.61
349,Tabou,CI,2021-01-22 01:01:33,4.423,-7.3528,78.42,86,7,7.78
350,Coquimbo,CL,2021-01-22 01:01:33,-29.9533,-71.3436,62.6,77,40,13.8
351,Cacequi,BR,2021-01-22 01:01:33,-29.8836,-54.825,72.34,82,2,12.91
352,Monrovia,LR,2021-01-22 01:01:33,6.3005,-10.7969,77.0,94,75,6.73
353,Altay,CN,2021-01-22 01:01:33,47.8667,88.1167,21.94,85,87,4.18
354,Haapiti,PF,2021-01-22 01:01:34,-17.5667,-149.8667,86.0,58,75,5.75
355,Kirakira,SB,2021-01-22 01:01:34,-10.4544,161.9205,84.76,69,100,11.5
356,Muriti,TZ,2021-01-22 01:01:34,-1.9833,32.9167,72.93,75,41,9.24
357,Saint-Joseph,RE,2021-01-22 01:01:34,-21.3667,55.6167,80.6,74,20,3.44
358,Idenao,CM,2021-01-22 01:01:34,4.2475,9.0047,77.0,81,20,4.61
359,Kaeo,NZ,2021-01-22 01:01:34,-35.1,173.7833,73.99,49,90,10.0
360,Sibu,MY,2021-01-22 01:01:35,2.3,111.8167,73.4,100,40,3.44
361,Pasni,PK,2021-01-22 01:01:35,25.2631,63.471,68.09,80,0,6.33
362,Palana,RU,2021-01-22 01:01:35,59.1167,159.9667,-10.57,91,68,0.87
363,Nha Trang,VN,2021-01-22 01:01:35,12.25,109.1833,77.0,69,20,4.61
364,Cabo San Lucas,MX,2021-01-22 01:00:29,22.8909,-109.9124,73.0,83,75,3.44
365,Abeche,TD,2021-01-22 01:01:35,13.8292,20.8324,61.61,28,0,12.68
366,Kemise,ET,2021-01-22 01:01:36,10.7167,39.8667,59.88,36,45,2.68
367,Praia Da Vitoria,PT,2021-01-22 01:01:36,38.7333,-27.0667,62.6,88,20,5.01
368,Ambilobe,MG,2021-01-22 01:01:36,-13.2,49.05,74.01,94,100,1.23
369,Belawan,ID,2021-01-22 01:01:36,3.7755,98.6832,76.08,82,35,3.87
370,Bogorodskoye,RU,2021-01-22 01:01:36,56.55,37.8833,12.34,96,100,6.87
371,Batagay-Alyta,RU,2021-01-22 01:01:36,67.8006,130.4114,-25.91,84,100,1.79
372,Isetskoye,RU,2021-01-22 01:01:37,56.4858,65.3226,-13.61,89,82,6.04
373,Moranbah,AU,2021-01-22 01:01:37,-22.0016,148.0466,82.89,46,100,15.99
374,Sisimiut,GL,2021-01-22 01:01:37,66.9395,-53.6735,20.62,80,0,6.11
375,Kangavar,IR,2021-01-22 01:01:37,34.5043,47.9653,25.81,89,0,4.34
376,Sorland,NO,2021-01-22 01:01:37,67.667,12.6934,24.51,93,100,37.13
377,Geraldton,AU,2021-01-22 01:01:37,-28.7667,114.6,82.4,51,0,3.44
378,Innisfail,AU,2021-01-22 01:01:37,-17.5333,146.0333,79.54,86,100,11.05
379,Aguilas,ES,2021-01-22 01:01:37,37.4063,-1.5829,62.01,68,100,5.93
380,Mirzapur,IN,2021-01-22 01:01:38,25.15,82.5833,50.0,100,90,4.65
381,Gainesville,US,2021-01-22 01:01:32,29.6516,-82.3248,63.0,77,90,6.91
382,Tromso,NO,2021-01-22 01:01:38,69.6496,18.957,19.4,49,20,9.22
383,Chara,RU,2021-01-22 01:01:38,56.9064,118.2631,-28.48,67,0,0.94
384,Prince Albert,CA,2021-01-22 01:01:04,53.2001,-105.7677,15.8,86,75,6.91
385,Hengshui,CN,2021-01-22 01:01:38,37.7322,115.7011,30.97,84,77,7.09
386,Plettenberg Bay,ZA,2021-01-22 01:01:39,-34.0527,23.3716,69.67,82,100,1.48
387,Campoverde,PE,2021-01-22 01:01:39,-8.4753,-74.8058,78.8,78,20,2.3
388,Namibe,AO,2021-01-22 01:01:39,-15.1961,12.1522,73.26,74,100,7.74
389,Dingle,PH,2021-01-22 01:01:39,10.9995,122.6711,81.27,78,46,4.0
390,Thio,NC,2021-01-22 01:01:39,-21.6167,166.2167,84.2,61,0,13.8
391,Carutapera,BR,2021-01-22 01:01:39,-1.195,-46.02,78.44,85,100,8.1
392,Dunedin,NZ,2021-01-22 00:57:49,-45.8742,170.5036,60.66,61,98,5.59
393,Ternate,ID,2021-01-22 01:01:39,0.8,127.4,82.47,76,74,4.09
394,Bara,NG,2021-01-22 01:01:40,10.3744,10.7288,65.28,27,100,9.51
395,Flinders,AU,2021-01-22 01:01:40,-34.5833,150.8552,88.0,37,0,6.91
396,San Luis,AR,2021-01-22 01:01:40,-33.295,-66.3356,78.01,21,0,9.35
397,Ichinohe,JP,2021-01-22 01:01:40,40.2069,141.3017,38.03,91,99,5.91
398,Hofn,IS,2021-01-22 01:00:55,64.2539,-15.2082,28.51,89,0,24.16
399,Slave Lake,CA,2021-01-22 01:00:06,55.2834,-114.769,24.8,93,90,10.36
400,Pampa,US,2021-01-22 01:01:40,35.5362,-100.9599,50.0,46,1,9.22
401,Timra,SE,2021-01-22 01:01:40,62.487,17.3257,37.99,100,90,10.36
402,Salisbury,GB,2021-01-22 01:01:40,51.0693,-1.7957,35.6,93,0,8.05
403,Budhlada,IN,2021-01-22 01:01:41,29.9333,75.5667,48.49,50,0,4.63
404,Serebryanyy Bor,RU,2021-01-22 01:01:41,56.8,124.8,-33.59,82,11,1.14
405,El Tigre,VE,2021-01-22 01:01:41,8.8875,-64.2454,78.64,63,100,10.2
406,Yumen,CN,2021-01-22 01:00:39,40.2833,97.2,20.23,74,0,3.36
407,Carauari,BR,2021-01-22 01:01:41,-4.8828,-66.8958,73.11,92,86,2.28
408,Ancud,CL,2021-01-22 01:01:41,-41.8697,-73.8203,68.0,77,0,4.61
409,Aksu,CN,2021-01-22 01:01:41,41.1231,80.2644,18.7,87,1,3.04
410,Santa Cruz Del Sur,CU,2021-01-22 01:01:42,20.7147,-77.9956,72.19,81,14,14.65
411,Harnosand,SE,2021-01-22 01:01:42,62.6323,17.9379,37.99,100,90,10.36
412,Baiyin,CN,2021-01-22 01:01:42,36.5583,104.2081,5.0,47,0,6.71
413,Jinji,CN,2021-01-22 01:01:42,23.2281,110.8261,66.22,81,14,3.69
414,Vao,NC,2021-01-22 01:01:42,-22.6667,167.4833,75.09,79,53,17.81
415,The Valley,AI,2021-01-22 01:01:42,18.217,-63.0578,77.0,83,20,4.61
416,Tombouctou,ML,2021-01-22 01:01:42,20.0,-3.0,62.29,24,6,12.26
417,Beringovskiy,RU,2021-01-22 01:01:43,63.05,179.3167,-0.65,92,100,7.74
418,Cooma,AU,2021-01-22 01:01:43,-36.2333,149.1333,80.6,32,40,11.5
419,Petropavlovsk-Kamchatskiy,RU,2021-01-22 01:00:03,53.0452,158.6483,8.6,66,11,4.47
420,Harrisonville,US,2021-01-22 01:01:43,38.6533,-94.3488,41.0,87,1,10.56
421,Port Lincoln,AU,2021-01-22 01:01:43,-34.7333,135.8667,74.75,39,0,7.36
422,Madison,US,2021-01-22 00:57:30,34.7334,-86.5667,46.0,100,1,2.89
423,Rio Bueno,CL,2021-01-22 00:59:57,-40.3167,-72.9667,77.0,63,0,5.75
424,Tshikapa,CD,2021-01-22 01:01:43,-6.4167,20.8,71.64,90,100,1.43
425,Nassau,US,2021-01-22 01:01:43,40.7507,-73.5829,36.0,69,1,3.44
426,Bathsheba,BB,2021-01-22 01:01:44,13.2167,-59.5167,77.0,83,20,9.22
427,Port Hedland,AU,2021-01-22 00:59:12,-20.3167,118.5667,86.0,51,75,18.41
428,Ayabaca,PE,2021-01-22 00:59:10,-4.6398,-79.7149,50.36,100,95,3.24
429,Nishihara,JP,2021-01-22 01:01:44,26.1842,127.7558,68.0,94,75,14.97
430,Codrington,AU,2021-01-22 01:01:44,-38.2667,141.9667,69.21,52,100,10.63
431,Lorengau,PG,2021-01-22 01:01:44,-2.0226,147.2712,84.96,59,100,3.65
432,Olafsvik,IS,2021-01-22 01:01:21,64.8945,-23.7142,28.83,90,25,25.48
433,Goderich,CA,2021-01-22 01:01:44,43.7501,-81.7165,35.6,75,100,20.71
434,Kamina,CD,2021-01-22 01:01:44,-8.7386,24.9906,63.46,95,100,1.83
435,Lethem,GY,2021-01-22 01:01:45,3.3803,-59.7968,79.93,68,0,11.77
436,Whitefish,US,2021-01-22 01:01:45,48.4111,-114.3376,28.0,68,1,4.14
437,Qui Nhon,VN,2021-01-22 00:58:46,13.7667,109.2333,71.71,83,90,8.34
438,Muzhi,RU,2021-01-22 01:01:45,65.3667,64.6667,-40.29,81,93,9.37
439,Zhigansk,RU,2021-01-22 01:01:45,66.7697,123.3711,-39.06,80,100,6.15
440,Brigantine,US,2021-01-22 01:01:45,39.4101,-74.3646,41.0,69,1,13.13
441,Pospelikha,RU,2021-01-22 01:01:46,51.95,81.7667,14.92,96,100,8.21
442,Miri,MY,2021-01-22 01:01:46,4.4148,114.0089,75.2,100,40,1.14
443,Amapa,BR,2021-01-22 01:01:46,1.0,-52.0,72.36,97,100,3.0
444,Manggar,ID,2021-01-22 01:01:42,-2.8833,108.2667,80.8,79,31,9.6
445,Katakwi,UG,2021-01-22 01:01:46,1.8911,33.9661,71.38,53,51,2.64
446,Karaton,ID,2021-01-22 01:01:46,-6.3424,106.1045,84.99,89,40,3.44
447,Grindavik,IS,2021-01-22 01:01:46,63.8424,-22.4338,28.4,80,75,25.32
448,Prince Rupert,CA,2021-01-22 01:00:06,54.3161,-130.3201,37.4,80,1,3.44
449,Jinsha,CN,2021-01-22 01:01:47,32.0898,121.0735,48.0,96,100,3.0
450,Todos Santos,MX,2021-01-22 01:01:47,23.45,-110.2167,71.01,86,20,1.99
451,Conakry,GN,2021-01-22 01:01:47,9.538,-13.6773,78.82,74,1,4.97
452,Sergeyevka,KZ,2021-01-22 01:01:47,53.88,67.4158,-14.22,89,48,8.25
453,Wolgast,DE,2021-01-22 01:01:47,54.05,13.7667,41.0,86,100,1.99
454,Kenai,US,2021-01-22 00:57:04,60.5544,-151.2583,35.6,80,90,6.91
455,Shimoda,JP,2021-01-22 01:01:47,34.6667,138.95,53.6,66,20,4.61
456,Isangel,VU,2021-01-22 01:01:03,-19.55,169.2667,78.8,89,75,11.79
457,Romny,UA,2021-01-22 01:01:48,50.751,33.4747,28.2,99,99,11.86
458,Port Hawkesbury,CA,2021-01-22 01:01:48,45.6169,-61.3485,19.0,73,90,8.23
459,Neuquen,AR,2021-01-22 00:57:30,-38.9516,-68.0591,93.2,46,0,16.53
460,Kungurtug,RU,2021-01-22 01:01:48,50.5994,97.5228,5.7,85,19,2.66
461,Tazovskiy,RU,2021-01-22 01:01:48,67.4667,78.7,-39.96,81,72,6.51
462,Sembe,CG,2021-01-22 01:01:48,1.6481,14.5806,72.41,80,68,2.55
463,Kurikka,FI,2021-01-22 01:01:49,62.6167,22.4167,21.99,86,90,16.11
464,Dubbo,AU,2021-01-22 01:01:49,-32.25,148.6167,87.8,35,0,13.8
465,Bandarbeyla,SO,2021-01-22 01:01:49,9.4942,50.8122,73.2,81,35,15.46
466,Giyani,ZA,2021-01-22 01:01:49,-23.3025,30.7187,67.1,91,27,4.85
467,Mwinilunga,ZM,2021-01-22 01:01:49,-11.7358,24.4293,61.56,97,100,3.31
468,Nemuro,JP,2021-01-22 01:01:49,43.3236,145.575,23.0,80,20,3.44
469,Omboue,GA,2021-01-22 01:01:49,-1.5746,9.2618,77.68,86,100,3.06
470,Xuddur,SO,2021-01-22 01:01:49,4.1213,43.8894,71.76,82,54,18.23
471,Saint-Georges,GD,2021-01-22 01:01:50,12.0564,-61.7485,78.8,78,20,13.8
472,Faya,SA,2021-01-22 01:01:50,18.3851,42.4509,51.8,37,0,4.61
473,Port Jervis,US,2021-01-22 01:01:50,41.3751,-74.6927,27.0,80,88,5.79
474,Toora-Khem,RU,2021-01-22 01:01:50,52.4675,96.11,1.33,91,84,1.48
475,Biak,ID,2021-01-22 01:01:50,-0.9131,122.8766,82.76,68,0,0.76
476,Tarauaca,BR,2021-01-22 01:01:50,-8.1614,-70.7656,73.45,91,72,2.15
477,Ettlingen,DE,2021-01-22 01:01:50,48.9409,8.4076,51.01,84,100,16.24
478,Gerash,IR,2021-01-22 01:01:50,27.6652,54.1371,44.6,61,0,6.91
479,Najran,SA,2021-01-22 01:01:51,17.4924,44.1277,53.6,47,0,4.61
480,Broken Hill,AU,2021-01-22 01:01:51,-31.95,141.4333,86.0,12,0,8.05
481,Gistrup,DK,2021-01-22 01:01:51,56.9943,9.9909,41.0,81,100,21.85
482,Chengam,IN,2021-01-22 01:01:51,12.3,78.8,70.03,92,19,1.19
483,Tessalit,ML,2021-01-22 01:01:51,20.1986,1.0114,58.93,29,0,11.63
484,Aykhal,RU,2021-01-22 01:00:27,66.0,111.5,-52.94,70,58,3.87
485,Bonavista,CA,2021-01-22 01:01:51,48.6499,-53.1147,30.0,93,100,8.05
486,Caravelas,BR,2021-01-22 01:01:52,-17.7125,-39.2481,75.56,80,7,5.01
487,Karlshamn,SE,2021-01-22 01:01:52,56.1706,14.8619,39.99,93,100,11.5
488,Huimanguillo,MX,2021-01-22 01:01:52,17.85,-93.3833,75.2,88,20,6.91
489,Vostok,RU,2021-01-22 01:01:23,46.4856,135.8833,-1.48,86,0,4.36
490,Siilinjarvi,FI,2021-01-22 01:01:52,63.0833,27.6667,12.2,85,90,12.66
491,Shache,CN,2021-01-22 01:01:52,38.4167,77.2406,18.66,91,0,1.05
492,Aleksandrovsk-Sakhalinskiy,RU,2021-01-22 01:01:52,50.8975,142.1561,-0.29,89,100,11.7
493,Walvis Bay,NA,2021-01-22 01:01:52,-22.9575,14.5053,69.01,83,100,6.91
494,Matay,EG,2021-01-22 01:01:53,28.419,30.7792,43.63,76,0,9.71
495,Juruti,BR,2021-01-22 01:01:53,-2.1522,-56.0922,74.89,86,79,2.8
496,Lompoc,US,2021-01-22 01:01:53,34.6391,-120.4579,60.01,72,0,10.36
497,Casas Grandes,MX,2021-01-22 01:01:53,30.3667,-107.95,48.0,91,95,1.99
498,Colquechaca,BO,2021-01-22 01:01:53,-18.6667,-66.0167,32.79,100,98,7.14
499,Bambanglipuro,ID,2021-01-22 01:01:53,-7.95,110.2833,80.15,78,100,3.62
500,Vanderhoof,CA,2021-01-22 01:00:05,54.0166,-124.0198,14.09,95,100,1.43
501,Talnakh,RU,2021-01-22 01:00:58,69.4865,88.3972,-40.99,78,0,2.53
502,Shaoguan,CN,2021-01-22 01:01:53,24.8,113.5833,58.66,87,100,2.37
503,Kilemary,RU,2021-01-22 01:01:54,56.7783,46.8659,-2.58,93,92,3.27
504,Bonthe,SL,2021-01-22 01:01:54,7.5264,-12.505,77.49,87,0,3.69
505,Winnemucca,US,2021-01-22 01:01:54,40.973,-117.7357,42.8,39,75,4.61
506,Mattawa,US,2021-01-22 01:01:54,46.7379,-119.9028,37.4,93,90,4.61
507,Alamosa,US,2021-01-22 01:01:54,37.4695,-105.87,23.0,74,40,5.75
508,Asmar,AF,2021-01-22 00:57:02,35.0333,71.3581,45.16,40,95,8.25
509,Katsuura,JP,2021-01-22 01:01:54,35.1333,140.3,51.01,49,0,2.3
510,Tadine,NC,2021-01-22 01:01:54,-21.55,167.8833,78.67,77,100,17.94
511,Pozo Colorado,PY,2021-01-22 01:01:55,-23.4923,-58.7972,79.11,72,0,5.03
512,Keetmanshoop,NA,2021-01-22 00:57:38,-26.5833,18.1333,85.93,31,100,11.12
513,Lucena,PH,2021-01-22 01:01:55,13.9314,121.6172,75.99,95,8,2.8
514,Banda Aceh,ID,2021-01-22 01:01:55,5.5577,95.3222,76.77,76,79,5.57
515,Denpasar,ID,2021-01-22 01:01:55,-8.65,115.2167,83.05,69,91,6.8
516,Mecca,SA,2021-01-22 01:00:55,21.4267,39.8261,71.6,30,0,10.27
517,Omsukchan,RU,2021-01-22 01:01:55,62.5333,155.8,-25.37,79,4,4.23
518,Seydisehir,TR,2021-01-22 01:01:55,37.4193,31.8453,30.22,82,0,2.13
519,Zuwarah,LY,2021-01-22 01:01:04,32.9312,12.082,57.96,47,0,5.95
520,Poum,NC,2021-01-22 01:01:56,-20.2333,164.0167,79.45,74,100,9.42
521,Damaturu,NG,2021-01-22 01:01:56,11.747,11.9608,62.24,31,0,11.86
522,Waw,SS,2021-01-22 01:01:56,7.7029,27.9953,68.38,25,0,6.38
523,Chandla,IN,2021-01-22 01:01:56,25.0833,80.2,50.61,50,0,0.98
524,Sumter,US,2021-01-22 01:01:56,28.7086,-82.0831,61.0,76,97,5.73
525,Richards Bay,ZA,2021-01-22 00:58:19,-28.783,32.0377,74.93,83,95,2.62
526,Ippy,CF,2021-01-22 01:01:57,6.2679,21.2247,69.46,31,43,5.17
527,Kulgam,IN,2021-01-22 01:01:57,33.65,75.0167,24.03,80,100,0.51
528,Praia,CV,2021-01-22 01:01:57,14.9215,-23.5087,69.8,78,40,18.41
529,Tres Arroyos,AR,2021-01-22 01:01:57,-38.3739,-60.2798,78.67,34,0,11.63
530,Barcelona,ES,2021-01-22 00:57:27,41.3888,2.159,57.99,82,20,12.66
531,Maragogi,BR,2021-01-22 01:01:15,-9.0122,-35.2225,76.87,83,100,8.7
532,Houma,US,2021-01-22 01:01:57,29.5958,-90.7195,68.0,88,90,5.75
533,Pochutla,MX,2021-01-22 01:01:57,15.7432,-96.4661,84.2,61,20,4.68
534,Whitehorse,CA,2021-01-22 01:01:08,60.7161,-135.0538,10.99,92,20,10.36
535,Assiniboia,CA,2021-01-22 01:01:58,49.6334,-105.9845,12.2,79,2,8.05
536,Yenagoa,NG,2021-01-22 01:01:58,4.9247,6.2642,76.14,90,41,2.89
537,Spring Valley,US,2021-01-22 01:00:41,36.108,-115.245,64.4,32,20,3.44
538,Doka,SD,2021-01-22 01:01:58,13.5167,35.7667,67.84,68,42,11.12
539,Rupert,US,2021-01-22 01:01:58,42.6191,-113.6772,39.2,60,90,4.63
540,Djibo,BF,2021-01-22 01:01:58,14.1022,-1.6306,67.23,21,0,10.29
541,Saint-Augustin,CA,2021-01-22 01:01:58,51.226,-58.6502,13.46,90,100,4.38
542,Casper,US,2021-01-22 01:00:54,42.8666,-106.3131,32.0,43,90,6.91
543,Sayyan,YE,2021-01-22 01:01:59,15.1718,44.3244,41.67,59,91,5.86
544,Waipawa,NZ,2021-01-22 01:01:59,-41.4122,175.5153,68.0,52,94,17.27
545,Xiaoweizhai,CN,2021-01-22 01:01:59,26.1903,107.5125,45.41,88,100,1.7
546,Miles City,US,2021-01-22 01:01:59,46.4083,-105.8406,24.8,68,90,6.91
547,Jiazi,CN,2021-01-22 01:01:59,22.8779,116.067,69.31,69,82,1.3
548,Puerto Montt,CL,2021-01-22 01:01:59,-41.4698,-72.9447,66.2,77,0,9.22
549,Poronaysk,RU,2021-01-22 01:01:59,49.2167,143.1167,0.5,84,0,5.06
550,Vikulovo,RU,2021-01-22 01:02:00,56.8167,70.6107,-17.09,89,99,7.58
551,Green River,US,2021-01-22 01:02:00,41.5286,-109.4662,30.2,80,90,4.0
552,Kloulklubed,PW,2021-01-22 01:00:01,7.0419,134.2556,84.2,79,75,6.91
553,Fatehpur,IN,2021-01-22 01:02:00,25.9333,80.8,47.91,52,0,2.8
554,Beloha,MG,2021-01-22 01:02:00,-25.1667,45.05,78.22,85,20,7.31
555,Charters Towers,AU,2021-01-22 01:02:00,-20.1,146.2667,82.53,47,95,12.48
556,Okhotsk,RU,2021-01-22 01:02:01,59.3833,143.3,-10.05,83,100,12.12
557,Iskateley,RU,2021-01-22 01:02:01,67.6803,53.1512,-19.52,87,83,8.7
558,Popesti,RO,2021-01-22 01:02:01,47.2333,22.4167,48.2,61,75,16.11
559,Yangjiang,CN,2021-01-22 01:02:01,21.85,111.9667,70.0,53,100,4.54
560,Marrakesh,MA,2021-01-22 00:58:56,31.6315,-8.0083,50.0,93,0,1.14
561,Bukachacha,RU,2021-01-22 01:02:01,52.9833,116.9167,-13.16,85,62,1.14
562,Lamu,KE,2021-01-22 01:02:02,-2.2717,40.902,78.19,88,100,13.0
563,Arkhipo-Osipovka,RU,2021-01-22 01:02:02,44.37,38.52,46.0,68,51,22.32
564,Santa Cruz,BO,2021-01-22 01:00:01,-17.8,-63.1667,78.8,65,75,2.3
565,Cervo,ES,2021-01-22 01:02:02,43.6702,-7.4101,50.0,90,100,3.0
566,Ca Mau,VN,2021-01-22 01:02:02,9.1769,105.15,78.1,68,97,4.27
567,Merauke,ID,2021-01-22 01:02:02,-8.4667,140.3333,85.28,67,96,0.51
568,Itaperucu,BR,2021-01-22 01:02:02,-25.22,-49.3478,66.2,88,90,11.5
569,Darovskoy,RU,2021-01-22 01:02:03,58.77,47.9564,-15.81,88,1,4.23
570,Touros,BR,2021-01-22 01:02:03,-5.1989,-35.4608,78.8,78,0,5.75
571,Santa Barbara,US,2021-01-22 00:58:10,34.7333,-120.0343,64.4,34,1,9.22
572,Doha,QA,2021-01-22 01:00:19,25.2867,51.5333,59.0,58,0,12.66
573,Atripalda,IT,2021-01-22 01:02:03,40.9158,14.8246,55.99,40,80,6.71
574,Goulburn,AU,2021-01-22 01:00:07,-34.75,149.7167,86.0,42,0,16.17
575,Makaha,US,2021-01-22 01:02:03,21.4694,-158.2175,82.4,51,40,10.36
576,San Jeronimo,PE,2021-01-22 01:02:04,-11.9472,-75.2829,50.22,75,29,3.85
577,Kavaratti,IN,2021-01-22 01:02:04,10.5669,72.642,81.46,74,20,10.22
578,Fasano,IT,2021-01-22 01:02:04,40.8344,17.3584,52.0,88,100,3.0
579,Sambava,MG,2021-01-22 01:02:04,-14.2667,50.1667,78.35,86,100,1.83
580,Chifeng,CN,2021-01-22 01:02:04,42.2683,118.9636,9.88,86,0,2.13
581,Calvinia,ZA,2021-01-22 01:02:04,-31.4707,19.776,74.1,42,77,3.62
582,Marawi,PH,2021-01-22 01:02:04,7.9986,124.2928,81.0,86,78,4.0
583,Zhangye,CN,2021-01-22 01:02:05,38.9342,100.4517,26.04,69,0,9.33
584,Dzaoudzi,YT,2021-01-22 01:02:05,-12.7887,45.2699,80.6,83,40,11.5
